grid,cells,dofs,alpha,converged,steps,res,wall_s,case_s,c_l,c_d,c_d_friction,c_m
1,15872,79360,1.3600,1,37,5.549727e-10,13.9,nan,0.7284987535,0.0150820530,0.0067174693,-0.1232113500
1,15872,79360,1.5000,1,37,3.125114e-10,15.1,nan,0.7556491525,0.0160421372,0.0066563109,-0.1233554165
1,15872,79360,2.5000,1,44,8.156418e-10,14.9,nan,0.8765389240,0.0276160921,0.0060605994,-0.1215761675
1,15872,79360,3.0000,1,37,8.734334e-10,12.4,nan,0.9118870971,0.0355384853,0.0057963317,-0.1205224176
1,15872,79360,3.1000,1,41,8.418498e-10,14.0,nan,0.9166474731,0.0372096485,0.0057429967,-0.1201817561
2,34816,174080,1.3600,1,50,3.327538e-10,39.4,nan,0.7399203500,0.0143005582,0.0067093116,-0.1242935810
2,34816,174080,1.5000,1,101,3.418091e-10,61.6,nan,0.7680047835,0.0153223606,0.0066446613,-0.1246957537
2,34816,174080,2.5000,1,93,3.766741e-10,57.9,nan,0.9060958026,0.0281037169,0.0060764355,-0.1273153150
2,34816,174080,3.0000,1,88,3.242822e-10,52.4,nan,0.9352012469,0.0361348543,0.0058146194,-0.1253344130
2,34816,174080,3.1000,1,84,3.399311e-10,55.3,nan,0.9376424542,0.0376962512,0.0057655003,-0.1244345807
3,63488,317440,1.3600,1,114,3.191390e-10,157.6,nan,0.7607644946,0.0139801774,0.0067080322,-0.1276456200
3,63488,317440,1.5000,1,105,3.021648e-10,148.2,nan,0.7891101851,0.0151161599,0.0066363877,-0.1283208505
3,63488,317440,2.5000,1,114,4.055696e-10,132.3,nan,0.9355930780,0.0290625296,0.0060805758,-0.1339065422
3,63488,317440,3.0000,1,138,3.388428e-10,183.4,nan,0.9657145729,0.0375085858,0.0058233162,-0.1324074010
3,63488,317440,3.1000,1,136,3.316707e-10,179.4,nan,0.9691607405,0.0392170583,0.0057712815,-0.1318120400
4,100352,501760,1.3600,1,68,3.197358e-10,186.9,nan,0.7689696465,0.0139355685,0.0066849200,-0.1291093581
4,100352,501760,1.5000,1,87,5.605177e-10,213.5,nan,0.7978743323,0.0151316574,0.0066155336,-0.1299817496
4,100352,501760,2.5000,1,117,3.628701e-10,214.6,nan,0.9479047461,0.0296017149,0.0060670908,-0.1369011160
4,100352,501760,3.0000,1,169,3.405073e-10,388.8,nan,0.9778898894,0.0382110904,0.0058098821,-0.1355218418
4,100352,501760,3.1000,1,197,3.494229e-10,480.8,nan,0.9808738011,0.0399077435,0.0057581517,-0.1348146118
