grid,cells,dofs,alpha,converged,steps,res,wall_s,case_s,c_l,c_d,c_d_pressure,c_d_friction,c_m
1,15872,79360,1.3600,1,37,6.024944e-10,7.5,10.5,0.7282946571,0.0150842314,0.0083651519,0.0067190795,-0.1231798875
1,15872,79360,1.5000,1,37,3.403332e-10,7.8,11.0,0.7555718737,0.0160446171,0.0093861261,0.0066584909,-0.1233421814
1,15872,79360,2.5000,1,44,5.594759e-10,8.1,10.6,0.8764847374,0.0276169855,0.0215542742,0.0060627113,-0.1215647956
1,15872,79360,3.0000,1,38,5.600848e-10,7.1,9.3,0.9118173948,0.0355383790,0.0297401085,0.0057982705,-0.1205085948
1,15872,79360,3.1000,1,45,3.326300e-10,8.6,10.7,0.9165728694,0.0372091747,0.0314642272,0.0057449476,-0.1201668219
2,34816,174080,1.3600,1,50,3.278928e-10,20.7,22.0,0.7398481620,0.0143034241,0.0075919255,0.0067114986,-0.1242818853
2,34816,174080,1.5000,1,101,3.726314e-10,33.4,34.8,0.7679328929,0.0153247363,0.0086779474,0.0066467889,-0.1246833163
2,34816,174080,2.5000,1,89,3.732146e-10,29.5,30.9,0.9060138752,0.0281034671,0.0220250581,0.0060784090,-0.1272982995
2,34816,174080,3.0000,1,88,3.331157e-10,28.7,30.5,0.9350812170,0.0361314274,0.0303148886,0.0058165388,-0.1253081774
2,34816,174080,3.1000,1,83,3.309529e-10,28.6,29.9,0.9375643892,0.0376947341,0.0319272882,0.0057674459,-0.1244172747
3,63488,317440,1.3600,1,114,3.359791e-10,82.3,83.8,0.7606700189,0.0139825886,0.0072725350,0.0067100535,-0.1276299016
3,63488,317440,1.5000,1,105,3.136303e-10,77.2,78.8,0.7890230195,0.0151181852,0.0084797453,0.0066384400,-0.1283054626
3,63488,317440,2.5000,1,114,8.023614e-10,71.7,74.0,0.9354975997,0.0290612418,0.0229786283,0.0060826136,-0.1338853949
3,63488,317440,3.0000,1,140,6.076441e-10,96.4,98.2,0.9656298416,0.0375069630,0.0316816694,0.0058252936,-0.1323885814
3,63488,317440,3.1000,1,141,3.413753e-10,105.6,107.5,0.9690633601,0.0392145364,0.0334413314,0.0057732050,-0.1317904230
4,100352,501760,1.3600,1,68,3.283309e-10,95.1,97.1,0.7688620454,0.0139377902,0.0072508605,0.0066869297,-0.1290912146
4,100352,501760,1.5000,1,82,8.016330e-10,109.7,111.9,0.7977965458,0.0151337611,0.0085161218,0.0066176393,-0.1299677778
4,100352,501760,2.5000,1,126,5.535611e-10,137.5,139.5,0.9478085294,0.0296002854,0.0235311598,0.0060691256,-0.1368795121
4,100352,501760,3.0000,1,196,3.185244e-10,232.5,234.6,0.9777955681,0.0382086670,0.0323967963,0.0058118707,-0.1355002524
4,100352,501760,3.1000,1,208,6.871411e-10,256.6,258.5,0.9807829298,0.0399054287,0.0341453144,0.0057601143,-0.1347941310
5,144384,721920,1.3600,1,113,3.204961e-10,182.9,185.2,0.7712909959,0.0139138497,0.0072326547,0.0066811949,-0.1295133017
5,144384,721920,1.5000,1,108,3.141963e-10,182.9,185.2,0.7997540497,0.0151131265,0.0085040529,0.0066090737,-0.1303270142
5,144384,721920,2.5000,1,116,3.192723e-10,224.9,227.2,0.9512046345,0.0297281442,0.0236650694,0.0060630748,-0.1376778820
5,144384,721920,3.0000,1,179,3.308293e-10,363.8,366.0,0.9809747685,0.0383610699,0.0325549337,0.0058061362,-0.1362650643
5,144384,721920,3.1000,1,199,7.728207e-10,382.1,384.3,0.9844798841,0.0401027147,0.0343479265,0.0057547882,-0.1356984254
6,253952,1269760,1.3600,1,134,5.991994e-10,376.4,379.3,0.7754549314,0.0139166272,0.0072583117,0.0066583155,-0.1302675336
6,253952,1269760,1.5000,1,137,3.095187e-10,378.7,381.8,0.8053745678,0.0151668176,0.0085780575,0.0065887601,-0.1314001901
6,253952,1269760,2.5000,1,179,6.367455e-10,565.5,569.2,0.9577953310,0.0300543378,0.0240174731,0.0060368647,-0.1393471452
6,253952,1269760,3.0000,1,291,9.850189e-10,936.9,939.8,0.9878546256,0.0387941917,0.0330152794,0.0057789124,-0.1381118885
6,253952,1269760,3.1000,1,315,3.281237e-10,1046.4,1049.4,0.9911815561,0.0405375023,0.0348099310,0.0057275713,-0.1375095302
7,471040,2355200,1.3600,1,166,3.037117e-10,878.7,883.5,0.7784233378,0.0139274958,0.0072639950,0.0066635009,-0.1308720176
7,471040,2355200,1.5000,1,150,3.584986e-10,833.4,837.8,0.8084606671,0.0151999366,0.0086056971,0.0065942396,-0.1320676064
7,471040,2355200,2.5000,1,232,3.209075e-10,1525.5,1530.1,0.9613656845,0.0302517422,0.0242039475,0.0060477947,-0.1403349100
7,471040,2355200,3.0000,1,458,4.876943e-10,2909.1,2913.6,0.9917001128,0.0390672071,0.0332755917,0.0057916154,-0.1392308074
7,471040,2355200,3.1000,1,575,6.068252e-10,3447.8,3452.3,0.9950855705,0.0408245963,0.0350840662,0.0057405301,-0.1386523895
